﻿<?xml version="1.0" encoding="utf-8" standalone="no" ?>
<GUI onOpen="onOpen" onClose="onClose" onCreate="onCreate">
	<GuiElement type="bitmap" profile="backgroundImageIngame" />


	<GuiElement type="bitmap" profile="uiElementBg">
		<GuiElement type="bitmap" profile="uiElementMainBg" >
			<GuiElement type="bitmap" profile="uiElementBaseHeader">
				<GuiElement type="text" profile="headerText" text="$l10n_AIVE_VERSION" />
			</GuiElement>

			<GuiElement type="boxLayout" profile="settingsBox" position="20px 550px">
				<GuiElement type="toggleButton2" profile="multiTextOptionSettings" id="enabled" toolTip="$l10n_AIVE_ENABLED"  onCreate="onCreateSubElement" 
										focusId="11" focusChangeTop="103" focusChangeBottom="21">										
					<GuiElement type="button" profile="multiTextOptionLeft" />
					<GuiElement type="button" profile="multiTextOptionRight"/>
					<GuiElement type="text" profile="multiTextOptionText" />
					<GuiElement type="text" profile="multiTextOptionTitle" text="$l10n_AIVE_ENABLED"/>
					<GuiElement type="bitmap" profile="multiTextOptionBg" />
				</GuiElement>

				<GuiElement type="multiTextOption" profile="multiTextOptionSettings" id="rightAreaActive" toolTip="$l10n_AIVE_ACTIVESIDE"  onCreate="onCreateSubElement" onCreateArgs="rightLeft"
										focusId="12" focusChangeTop="31" focusChangeBottom="22">										
					<GuiElement type="button" profile="multiTextOptionLeft" />
					<GuiElement type="button" profile="multiTextOptionRight"/>
					<GuiElement type="text" profile="multiTextOptionText" />
					<GuiElement type="text" profile="multiTextOptionTitle" text="$l10n_AIVE_ACTIVESIDE"/>
					<GuiElement type="bitmap" profile="multiTextOptionBg" />
				</GuiElement>

				<GuiElement type="toggleButton2" profile="multiTextOptionSettings" id="upNDown" toolTip="$l10n_AIVE_UTURN_OFF" onCreate="onCreateSubElement" onCreateArgs="inverted"
										focusId="13" focusChangeTop="32" focusChangeBottom="23">										
					<GuiElement type="button" profile="multiTextOptionLeft" />
					<GuiElement type="button" profile="multiTextOptionRight"/>
					<GuiElement type="text" profile="multiTextOptionText" />
					<GuiElement type="text" profile="multiTextOptionTitle" text="$l10n_AIVE_UTURN_OFF"/>
					<GuiElement type="bitmap" profile="multiTextOptionBg" />
				</GuiElement>

				<GuiElement type="toggleButton2" profile="multiTextOptionSettings" id="noSteering" toolTip="$l10n_AIVE_STEERING"  onCreate="onCreateSubElement" onCreateArgs="inverted"
										focusId="14" focusChangeTop="33" focusChangeBottom="24">										
					<GuiElement type="button" profile="multiTextOptionLeft" />
					<GuiElement type="button" profile="multiTextOptionRight"/>
					<GuiElement type="text" profile="multiTextOptionText" />
					<GuiElement type="text" profile="multiTextOptionTitle" text="$l10n_AIVE_STEERING"/>
					<GuiElement type="bitmap" profile="multiTextOptionBg" />
				</GuiElement>

				<GuiElement type="toggleButton2" profile="multiTextOptionSettings" id="waitForPipe" toolTip="$l10n_AIVE_WAIT_FOR_PIPE" onCreate="onCreateSubElement"
										focusId="15" focusChangeTop="34" focusChangeBottom="25">										
					<GuiElement type="button" profile="multiTextOptionLeft" />
					<GuiElement type="button" profile="multiTextOptionRight"/>
					<GuiElement type="text" profile="multiTextOptionText" />
					<GuiElement type="text" profile="multiTextOptionTitle" text="$l10n_AIVE_WAIT_FOR_PIPE"/>
					<GuiElement type="bitmap" profile="multiTextOptionBg" />
				</GuiElement>

				<!--GuiElement type="toggleButton2" profile="multiTextOptionSettings" id="inverted" toolTip="$l10n_AIVE_INVERTED"  onCreate="onCreateSubElement"
										focusId="16" focusChangeTop="35" focusChangeBottom="101">										
					<GuiElement type="button" profile="multiTextOptionLeft" />
					<GuiElement type="button" profile="multiTextOptionRight"/>
					<GuiElement type="text" profile="multiTextOptionText" />
					<GuiElement type="text" profile="multiTextOptionTitle" text="$l10n_AIVE_INVERTED"/>
					<GuiElement type="bitmap" profile="multiTextOptionBg" />
				</GuiElement-->
			</GuiElement>

			<GuiElement type="boxLayout" profile="settingsBox" position="347px 550px">
				<GuiElement type="multiTextOption" profile="multiTextOptionSettings" id="widthOffset" toolTip="$l10n_AIVE_WIDTH_OFFSET" onCreate="onCreateSubElement" onCreateArgs="distance_2_0125"
										focusId="21" focusChangeTop="11" focusChangeBottom="31">										
					<GuiElement type="button" profile="multiTextOptionLeft" />
					<GuiElement type="button" profile="multiTextOptionRight"/>
					<GuiElement type="text"   profile="multiTextOptionText" />
					<GuiElement type="text"   profile="multiTextOptionTitle" text="$l10n_AIVE_WIDTH_OFFSET"/>
					<GuiElement type="bitmap" profile="multiTextOptionBg" />
				</GuiElement>

				<GuiElement type="multiTextOption" profile="multiTextOptionSettings" id="turnModeIndex" toolTip="$l10n_AIVE_TURN_MODE" onCreate="onCreateSubElement" onCreateArgs="turnModeIndex"
										focusId="22" focusChangeTop="12" focusChangeBottom="32">
					<GuiElement type="button" profile="multiTextOptionLeft" />
					<GuiElement type="button" profile="multiTextOptionRight"/>
					<GuiElement type="text"   profile="multiTextOptionText" />
					<GuiElement type="text"   profile="multiTextOptionTitle" text="$l10n_AIVE_TURN_MODE"/>
					<GuiElement type="bitmap" profile="multiTextOptionBg" />
				</GuiElement>

				<GuiElement type="multiTextOption" profile="multiTextOptionSettings" id="turnOffset" toolTip="$l10n_AIVE_TURN_OFFSET" onCreate="onCreateSubElement" onCreateArgs="distance"
										focusId="23" focusChangeTop="13" focusChangeBottom="33">
					<GuiElement type="button" profile="multiTextOptionLeft" />
					<GuiElement type="button" profile="multiTextOptionRight"/>
					<GuiElement type="text"   profile="multiTextOptionText" />
					<GuiElement type="text"   profile="multiTextOptionTitle" text="$l10n_AIVE_TURN_OFFSET"/>
					<GuiElement type="bitmap" profile="multiTextOptionBg" />
				</GuiElement>

				<GuiElement type="multiTextOption" profile="multiTextOptionSettings" id="headland" toolTip="$l10n_AIVE_HEADLAND" onCreate="onCreateSubElement" onCreateArgs="headland"
										focusId="24" focusChangeTop="14" focusChangeBottom="34">
					<GuiElement type="button" profile="multiTextOptionLeft" />
					<GuiElement type="button" profile="multiTextOptionRight"/>
					<GuiElement type="text"   profile="multiTextOptionText" />
					<GuiElement type="text"   profile="multiTextOptionTitle" text="$l10n_AIVE_HEADLAND"/>
					<GuiElement type="bitmap" profile="multiTextOptionBg" />
				</GuiElement>

				<GuiElement type="multiTextOption" profile="multiTextOptionSettings" id="angleFactor" toolTip="$l10n_AIVE_ANGLE_OFFSET" onCreate="onCreateSubElement" onCreateArgs="percent5"
										focusId="25" focusChangeTop="15" focusChangeBottom="35">
					<GuiElement type="button" profile="multiTextOptionLeft" />
					<GuiElement type="button" profile="multiTextOptionRight"/>
					<GuiElement type="text"   profile="multiTextOptionText" />
					<GuiElement type="text"   profile="multiTextOptionTitle" text="$l10n_AIVE_ANGLE_OFFSET"/>
					<GuiElement type="bitmap" profile="multiTextOptionBg" />
				</GuiElement>
			</GuiElement>

			<GuiElement type="boxLayout" profile="settingsBox" position="675px 550px">
				<GuiElement type="toggleButton2" profile="multiTextOptionSettings" id="GuiActive" toolTip="$l10n_AIVE_TEXTHELPPANELON" onCreate="onCreateSubElement"
										focusId="31" focusChangeTop="21" focusChangeBottom="12">
					<GuiElement type="button" profile="multiTextOptionLeft" />
					<GuiElement type="button" profile="multiTextOptionRight"/>
					<GuiElement type="text" profile="multiTextOptionText" />
					<GuiElement type="text" profile="multiTextOptionTitle" text="$l10n_AIVE_TEXTHELPPANELON"/>
					<GuiElement type="bitmap" profile="multiTextOptionBg" />
				</GuiElement>

				<GuiElement type="toggleButton2" profile="multiTextOptionSettings" id="acShowTrace" toolTip="$l10n_AIVE_TRACE" onCreate="onCreateSubElement"
										focusId="32" focusChangeTop="22" focusChangeBottom="13">
					<GuiElement type="button" profile="multiTextOptionLeft" />
					<GuiElement type="button" profile="multiTextOptionRight"/>
					<GuiElement type="text" profile="multiTextOptionText" />
					<GuiElement type="text" profile="multiTextOptionTitle" text="$l10n_AIVE_TRACE"/>
					<GuiElement type="bitmap" profile="multiTextOptionBg" />
				</GuiElement>

				<GuiElement type="toggleButton2" profile="multiTextOptionSettings" id="acPause" toolTip="$l10n_AIVE_PAUSE_OFF" onCreate="onCreateSubElement"
										focusId="33" focusChangeTop="23" focusChangeBottom="14">
					<GuiElement type="button" profile="multiTextOptionLeft" />
					<GuiElement type="button" profile="multiTextOptionRight"/>
					<GuiElement type="text" profile="multiTextOptionText" />
					<GuiElement type="text" profile="multiTextOptionTitle" text="$l10n_AIVE_PAUSE_OFF"/>
					<GuiElement type="bitmap" profile="multiTextOptionBg" />
				</GuiElement>
				
				<GuiElement type="toggleButton2" profile="multiTextOptionSettings" id="useAIFieldFct" toolTip="$l10n_AIVE_USE_AI_FIELD" onCreate="onCreateSubElement"
										focusId="34" focusChangeTop="24" focusChangeBottom="15">
					<GuiElement type="button" profile="multiTextOptionLeft" />
					<GuiElement type="button" profile="multiTextOptionRight"/>
					<GuiElement type="text" profile="multiTextOptionText" />
					<GuiElement type="text" profile="multiTextOptionTitle" text="$l10n_AIVE_USE_AI_FIELD"/>
					<GuiElement type="bitmap" profile="multiTextOptionBg" />
				</GuiElement>
				
				<GuiElement type="toggleButton2" profile="multiTextOptionSettings" id="collision" toolTip="$l10n_AIVE_COLLISION_ON" onCreate="onCreateSubElement"
										focusId="35" focusChangeTop="25" focusChangeBottom="101">
					<GuiElement type="button" profile="multiTextOptionLeft" />
					<GuiElement type="button" profile="multiTextOptionRight"/>
					<GuiElement type="text" profile="multiTextOptionText" />
					<GuiElement type="text" profile="multiTextOptionTitle" text="$l10n_AIVE_COLLISION_ON"/>
					<GuiElement type="bitmap" profile="multiTextOptionBg" />
				</GuiElement>
			</GuiElement>

			<GuiElement type="flowLayout" profile="buttonBox" id="buttonsPC" >
				<GuiElement type="button" profile="buttonBack"   size="333px 40px" text="$l10n_button_back" onClick="onClickBack"  focusId="101" focusChangeTop="35"  focusChangeBottom="102" />
				<GuiElement type="button" profile="buttonReload" size="333px 40px" text="$l10n_AIVE_MAGIC"  onClick="onClickMagic" focusId="102" focusChangeTop="101" focusChangeBottom="103" />
				<GuiElement type="button" profile="buttonSave"   size="334px 40px" text="$l10n_button_ok"   onClick="onClickOk"    focusId="103" focusChangeTop="102" focusChangeBottom="11" />
			</GuiElement>
			
		</GuiElement>
	</GuiElement>
</GUI>